SYMBOL,sgID_A,protospacer_A,sgID_B,protospacer_B,group
ABL2,ABL2_+_179111875.23-P1,GTACTGAATGGAAGAATGTA,ABL2_-_179112151.23-P1,GGATCTCTGCCATAACTATT,Pathway_Enrichmant
ABL2,ABL2_+_179198340.23-P2,GGGAGCCGGCATGAGAGCGT,ABL2_+_179198740.23-P2,GGGCGCGGAGCCGCGACAGG,Pathway_Enrichmant
AHCY,AHCY_-_32891145.23-P1P2,GCTGGGAACAGGAACTGGGC,AHCY_-_32890950.23-P1P2,GGCCGAGGCTGCGATTCCAG,Pathway_Enrichmant
AMBRA1,AMBRA1_+_46615541.23-P1P2,GGATGTCTCCTGAGCGGCGG,AMBRA1_-_46615538.23-P1P2,GGACAACTCAGCCCTCGACC,Pathway_Enrichmant
APC,APC_+_112043273.23-P2,GGCAGGTCCCCCCCGAGCAG,APC_+_112043639.23-P2,GACCGTAGGGTCCCGAGCAG,Pathway_Enrichmant
APC,APC_-_112073585.23-P1,GCAGCCCGCCAGGGTGTCAC,APC_-_112073620.23-P1,GGTGCTGCCGGACTCGGAAA,Pathway_Enrichmant
ATF4,ATF4_-_39916548.23-P1P2,GGACGAAGTCTATAAAGGGC,ATF4_-_39917038.23-P1P2,GGCTGTTGCCCCACGAAACG,Pathway_Enrichmant
ATG2B,ATG2B_-_96829681.23-P1P2,GAGGCGCGTTCCCGGCTGTA,ATG2B_+_96829705.23-P1P2,GGGCGGCGCGCCGGGAGTCT,Pathway_Enrichmant
AURKA,AURKA_-_54967108.23-P1P2,GCGCCAAGGACACTCAGGGA,AURKA_+_54967204.23-P1P2,GCAGGTGGGAGCCGACGGGT,Pathway_Enrichmant
BAX,BAX_-_49458157.23-P1P2,GgcggccgcccgcgcggACC,BAX_-_49458192.23-P1P2,Gcgggagcggcggtgatgga,Pathway_Enrichmant
CASP3,CASP3_+_185570612.23-P1P2,GGGAGCACATCTCCCGGCGG,CASP3_+_185570557.23-P1P2,GGATGGGTGCTATTGTGAGG,Pathway_Enrichmant
CCDC6,CCDC6_-_61666340.23-P1P2,GGCGGCGGCGAGAGAAAGAG,CCDC6_+_61666039.23-P1P2,GgcggcggtggGAAGTCGGG,Pathway_Enrichmant
CDC25A,CDC25A_-_48229649.23-P1P2,GGGCGCCAGCCACCAGCCAC,CDC25A_+_48229505.23-P1P2,Ggcgcggccgaggccggtgt,Pathway_Enrichmant
CDKN1C,CDKN1C_-_2906877.23-P1P2,GCGGCTACCTGGCTGTCCGG,CDKN1C_+_2906998.23-P1P2,GGGCGGGCTGGGCGTTCCAC,Pathway_Enrichmant
CHD4,CHD4_+_6716555.23-P1P2,GTAAGAGGCGACGCTGGAGC,CHD4_-_6716063.23-P1P2,GCTGTCCTCTGGGACAACTC,Pathway_Enrichmant
CYS1,CYS1_+_10220308.23-P1P2,GGAGCAGCCGGACTCTGAGG,CYS1_-_10220299.23-P1P2,GccccgcggggAGGCTCTCG,Pathway_Enrichmant
DFFA,DFFA_-_10532568.23-P1P2,GAAGTCGCGGGAGGCCGGAG,DFFA_+_10532508.23-P1P2,GCCCACCTTGTGGAGGATGG,Pathway_Enrichmant
EIF2AK3,EIF2AK3_-_88926550.23-P1P2,GCGAGGCTCCTGCTCTCccg,EIF2AK3_-_88926935.23-P1P2,GACAGCCAGCCGTGTTCCCC,Pathway_Enrichmant
EP300,EP300_+_41488885.23-P1P2,GGCTCCGACGGCACCCGAGG,EP300_-_41487756.23-P1P2,GCTACCGCTAGCCTGTAAGG,Pathway_Enrichmant
FRS3,FRS3_+_41747614.23-P1P2,GggAGGCCTTAGCTCCGGGC,FRS3_+_41747542.23-P1P2,Gcgcggggcgatgtgagtcg,Pathway_Enrichmant
GADD45G,GADD45G_+_92219986.23-P1P2,GACAAGCGGAGAGCGCGGAG,GADD45G_-_92219943.23-P1P2,GGGGCGCACTCGCTGGTGGT,Pathway_Enrichmant
HTT,HTT_-_3076430.23-P1P2,GTGCCGGGACGGGTCCAAGA,HTT_-_3076434.23-P1P2,GGGGACGGGTCCAAGATGGA,Pathway_Enrichmant
JUN,JUN_-_59249500.23-P1P2,GAGCAGGGCTCTCCTCCCGG,JUN_+_59249679.23-P1P2,GTGTGGCTGAAGCAGCGAGG,Pathway_Enrichmant
KAT6A,KAT6A_-_41909290.23-P1P2,GCCTGGCGCAGAGCAGCGGG,KAT6A_-_41909446.23-P1P2,GAAGGACAGCCGAGATCCCG,Pathway_Enrichmant
KLF5,KLF5_-_73633194.23-P1P2,GCTCTCGCGGAGGTCGGCGG,KLF5_-_73633191.23-P1P2,GGTTCTCTCGCGGAGGTCGG,Pathway_Enrichmant
MAGI1,MAGI1_-_66024493.23-P1P2,GGGCGGGAGGTAAGTGCTCG,MAGI1_+_66024228.23-P1P2,GCGCCGGAACGTGGACCCAG,Pathway_Enrichmant
MAP3K12,MAP3K12_-_53893243.23-P1P2,GGCGGCCGCAGCACAAAAGG,MAP3K12_-_53893214.23-P1P2,GCTCGGCCAGGCTCTCACCT,Pathway_Enrichmant
MAPK8,MAPK8_-_49514791.23-P1P2,GCGCGAGCAGCGCTGGGTAA,MAPK8_-_49514766.23-P1P2,GGACGACGCGGCTTGGATTG,Pathway_Enrichmant
METTL3,METTL3_+_21979431.23-P1P2,GGTGAGAATTGGCTATATCC,METTL3_-_21979084.23-P1P2,GACCGAGGCCCAGCGTGAGG,Pathway_Enrichmant
NANOG,NANOG_+_7942378.23-P1P2,GTAAGGAACTTGGCCTTTCA,NANOG_+_7942493.23-P1P2,GTGGAAAAAGGGGTTTCCAG,Pathway_Enrichmant
POU5F1,POU5F1_-_31148445.23-P2,GAGCACAGCAGTAGGACCAG,POU5F1_-_31148461.23-P2,GCAGGGGGATGCAAGAGCGG,Pathway_Enrichmant
POU5F1,POU5F1_+_31137942.23-P1,GTGGGGAGGTGGTCATGACA,POU5F1_-_31138451.23-P1,GTGAAATGAGGGCTTGCGAA,Pathway_Enrichmant
RB1,RB1_+_48878000.23-P1P2,GGAGCTGTGGAGGAGCGCCG,RB1_+_48878010.23-P1P2,GGGGAGCCAGCGAGCTGTGG,Pathway_Enrichmant
RORB,RORB_+_77112281.23-P1P2,GTGTTCAGTTACagggagga,RORB_-_77112334.23-P1P2,GACATTGTGGATCCGCTAAC,Pathway_Enrichmant
SKI,SKI_-_2160211.23-ENST00000378536.4,GgagccggagcgCACCATGG,SKI_-_2160217.23-ENST00000378536.4,GgagcgCACCATGGAGGCGG,Pathway_Enrichmant
SOCS6,SOCS6_+_67956319.23-P1P2,GTCCCCGGACGCTTACCCGG,SOCS6_+_67956334.23-P1P2,GGCCTCCCGCCCGAGCTCCC,Pathway_Enrichmant
TAOK1,TAOK1_+_27717965.23-P1P2,GCGGTAGCCGCTACCCTGGA,TAOK1_+_27717866.23-P1P2,GCAAGCTCTGCAACAAgggg,Pathway_Enrichmant
TP53,TP53_+_7590780.23-P1P2,GAGTCTAGAGCCACCGTCCA,TP53_+_7590763.23-P1P2,GCAGGGAGCAGGTAGCTGCT,Pathway_Enrichmant
UBE2E3,UBE2E3_+_181845327.23-P1P2,GGCGCAGTCAGCAAGTTCCG,UBE2E3_+_181845565.23-P1P2,GGGAAAAAAAGAAGCCGAGG,Pathway_Enrichmant
ABCA7,ABCA7_+_1041311.23-P2,GAGAGGTCAGGACAACGGTC,ABCA7_-_1041459.23-P2,GTGTGAGACCAGGGCCGGGT,iNDI
ABCA7,ABCA7_-_1040133.23-P1,GGCGCACTTGGCTTAAGGGG,ABCA7_+_1040185.23-P1,GAGTCCTTCTCACCTTCCAG,iNDI
ADAM10,ADAM10_+_59041886.23-P1P2,GGCGTTGCCGGCCCCTGAAG,ADAM10_-_59041703.23-P1P2,GCATCCCCGCCGCCCAGGAG,iNDI
ALS2,ALS2_+_202645584.23-P1P2,GGCTTCAGGTGAGCGAGTGT,ALS2_-_202645613.23-P1P2,GCGCTCACCTGAAGCTCCAC,iNDI
ANG,ANG_-_21152854.23-P1P2,GCGTACTAGGGAGGAAGAAG,ANG_+_21152724.23-P1P2,GTGTACACGGACGGAGATGG,iNDI
ANXA11,ANXA11_-_81965250.23-P1P2,GCGGGGCACTCGGGGCACTG,ANXA11_-_81965296.23-P1P2,GCGCCGGGCGGAAAACTCCG,iNDI
APOE,APOE_-_45409117.23-P1P2,GCGGTGAGAAGCGCAGTCGG,APOE_-_45409137.23-P1P2,GGGCACGGGGATGAGCTCAG,iNDI
APP,APP_+_27543048.23-P1P2,GGGTAGGCGAGAGCACGCGG,APP_+_27543051.23-P1P2,GAGCGGTAGGCGAGAGCACG,iNDI
ATM,ATM_-_108093829.23-P1P2,GTAACGGAGAAAAGAAGCCG,ATM_-_108093813.23-P1P2,GTAGGTAGCTGCGTGGCTAA,iNDI
ATP13A2,ATP13A2_-_17338380.23-P1P2,GGGCTGGAGCAGGGCTGACG,ATP13A2_+_17338415.23-P1P2,GGGAGGGACTGCGGCAGTGT,iNDI
CACNA1A,CACNA1A_+_13617110.23-P1P2,GCCGGCAGCCTCAGCATCAg,CACNA1A_+_13617250.23-P1P2,GTGTCCCGAGCTGCTATCCC,iNDI
CHCHD10,CHCHD10_-_24110097.23-P1P2,GACCCGGGCGACCTTAGAGA,CHCHD10_-_24109711.23-P1P2,GAGCCCCGGCTGGCCCGAAg,iNDI
CHMP2B,CHMP2B_-_87276729.23-P1P2,GGAGTTCCAGGCCGGGCTGA,CHMP2B_-_87276632.23-P1P2,GTCCTTTGCCAGCGTTgggc,iNDI
CLN5,CLN5_-_77566274.23-P1P2,GGGCACAGGGCGCCGAGATg,CLN5_-_77566223.23-P1P2,GGAGAGGCTCCGGAAGTACT,iNDI
COQ2,COQ2_+_84205909.23-P1P2,GGCCTCACCAGCGCCATGCT,COQ2_-_84205900.23-P1P2,GAGGCCCCGCGCGAACCCCG,iNDI
CSF1R,CSF1R_-_149465864.23-P1P2,GCCTGAGGACACCCAGTGAG,CSF1R_+_149466064.23-P1P2,GTCCAGTGTCCCGATCCCTG,iNDI
DAO,DAO_+_109273929.23-P1P2,GCAGGATGCTATTTCCTGAG,DAO_+_109273872.23-P1P2,GTCTGTCCGCCAGCCCGGAC,iNDI
DCTN1,DCTN1_+_74618971.23-P1P2,GGCCGGCCCCGCAGGGTCTT,DCTN1_+_74618953.23-P1P2,GTGGGCGTCGGTCGTCGGTG,iNDI
DNAJC6,DNAJC6_-_65720156.23-P1P2,GGCACCTGGCAGACGCgcgg,DNAJC6_-_65720130.23-P1P2,GGGCGCGCATCTCCCAGCAG,iNDI
DNMT1,DNMT1_-_10305582.23-P1P2,GGTACGCGCCGGCATCTCGG,DNMT1_-_10305600.23-P1P2,GGAGGCTTCAGCAGACGCGG,iNDI
EIF2AK2,EIF2AK2_+_37384076.23-P1P2,GGCCGCGGGTCTCCGGCcgg,EIF2AK2_+_37384079.23-P1P2,GGAAGCCGCGGGTCTCCGGC,iNDI
EIF2B1,EIF2B1_+_124118187.23-P1P2,GGTGCAGCGCGCTGTCAGAC,EIF2B1_-_124118132.23-P1P2,GTCCTGCTGCGGAGCCCCAG,iNDI
EIF2B2,EIF2B2_-_75469671.23-P1P2,GGTGTGGATTCCGCCGGTGA,EIF2B2_-_75469856.23-P1P2,GACCACCGCTGGAGCAACGC,iNDI
EIF2B3,EIF2B3_+_45452243.23-P1P2,GAGGCGGCGTGGAGATCGCT,EIF2B3_+_45452232.23-P1P2,GAGATCGCTGGGAGCGGTTG,iNDI
EIF2B4,EIF2B4_+_27593168.23-P1P2,GCTGAGGGCGATGGCTGCTG,EIF2B4_+_27593203.23-P1P2,GGGCGGCTCCGTGACCACGG,iNDI
EIF2B5,EIF2B5_-_183853234.23-P1P2,GGTCGGGCTAACAAGCGCAG,EIF2B5_+_183853180.23-P1P2,GCCAGGCGGCGCCACTACAG,iNDI
EIF4G1,EIF4G1_-_184032400.23-P1P2,GCTGTGCGGGGAGCCGGAAA,EIF4G1_-_184032787.23-P1P2,GCCCACGGGCGCAGGCACCA,iNDI
ERBB4,ERBB4_+_213403862.23-P1P2,GGGGCTGCAGCTGGAGACCG,ERBB4_+_213403841.23-P1P2,GGAGCGCTGGAAATGACGCT,iNDI
FBXO7,FBXO7_+_32870777.23-P1P2,GGCGCCCGCCCCTCTCCTGA,FBXO7_+_32870709.23-P1P2,GAAAGGAACCGGGCCTCTCG,iNDI
FUS,FUS_-_31191558.23-P1P2,GGGCCTCAAACGGTAGGTAA,FUS_-_31191697.23-P1P2,GCGCGGAGAAGAGTAACTGG,iNDI
FXN,FXN_+_71650715.23-P1P2,GCAGGAGGCCGGCTACTGCG,FXN_+_71650730.23-P1P2,GTGGGCTGGGTGACGCCAGG,iNDI
GBA,GBA_+_155211024.23-P1,GGAAGCCGGAATTACTTGCA,GBA_-_155211054.23-P1,GTAATTCCGGCTTCCCGATG,iNDI
GBA,GBA_-_155214386.23-P2,GCTGGGCGGGACTGGAGACT,GBA_-_155214372.23-P2,GGCCTGCAAAGGCGCCTGGG,iNDI
GCH1,GCH1_+_55369117.23-P1P2,GGCTGGGCGAGAACCCCCAG,GCH1_-_55369160.23-P1P2,GGAGCTCAGGATGGACGAGT,iNDI
GRN,GRN_-_42422713.23-P1P2,GTCGGACGCAGGTAGGAGAG,GRN_-_42422695.23-P1P2,GTGCCCAAGGACCGCGGAGT,iNDI
HNRNPA1,HNRNPA1_-_54674507.23-P1P2,GAGAGAGGGCGAAGGTAGGC,HNRNPA1_+_54674930.23-P1P2,GCGCGCAACAAAGGCTTGGG,iNDI
HNRNPA2B1,HNRNPA2B1_+_26240367.23-P1P2,GGCGGCGGCAGCGGCTCTAG,HNRNPA2B1_+_26239914.23-P1P2,GGCCCCGCTGGGGTGAAAGT,iNDI
ITM2B,ITM2B_-_48807807.23-P1P2,GGAAGTGCGTGTGCTGGAAG,ITM2B_-_48807419.23-P1P2,GTCCCGGAGCCCGGCCGTAG,iNDI
ITPR1,ITPR1_-_4535229.23-P1P2,GCGGACATGGGATTACCCAG,ITPR1_-_4535295.23-P1P2,GTCCCCGGGCACCAAGGTAG,iNDI
KCNA1,KCNA1_-_5019086.23-P1P2,GCGCCCAGAAATGGACCGAG,KCNA1_+_5019142.23-P1P2,GGGACCTCGCCAAGGCTACG,iNDI
KCNC3,KCNC3_+_50836737.23-P2,GAGCCACAGGTGGCAGTCGG,KCNC3_+_50836747.23-P2,GTCGCGACGGCAGCCACAGG,iNDI
KCNC3,KCNC3_-_50832313.23-P1,GGCCCCCTGGCGCCCGCGGA,KCNC3_+_50832293.23-P1,GTCCTTCCGCGGGCGCCAGG,iNDI
KCND3,KCND3_-_112532185.23-P1P2,GcgcgcgcgcgAGGAAGCTG,KCND3_-_112532071.23-P1P2,GCAGCCGGAGCAACAGGCGT,iNDI
KIF5A,KIF5A_+_57944239.23-P1P2,GAGAGACTAAGGCTCTGCGG,KIF5A_+_57943872.23-P1P2,GGCGCGCTGTCTCTCTCCTG,iNDI
LRRK2,LRRK2_+_40618865.23-P1P2,GCTGCTCAGGGAACCGGCAG,LRRK2_+_40618843.23-P1P2,GCGCCGGCCACAGCTCCCCG,iNDI
MAPT,MAPT_-_43972322.23-P1P2,GGATTCGCGCAGACCCCAGG,MAPT_+_43972376.23-P1P2,GGGCTGCAGTCGAGAGTGAA,iNDI
MATR3,MATR3_+_138629482.23-P1P2,GTCACGCCTACCTTagggaa,MATR3_+_138629487.23-P1P2,GCCGCTTCACGCCTACCTTa,iNDI
OPTN,OPTN_+_13141787.23-P1P2,GTGGAGGCTGGAGCCGCAGG,OPTN_+_13142222.23-P1P2,GAGAGAACTCCCGACCGGGA,iNDI
OTUD4,OTUD4_+_146101671.23-P1P2,GCGAGGTGCTGTTCTCTCCC,OTUD4_-_146101742.23-P1P2,GCCGACAGCGGAGAGGACGG,iNDI
PANK2,PANK2_-_3870084.23-P1P2,GGAAGGAATCCGACGCTGGG,PANK2_-_3870309.23-P1P2,GGCACGAGGCGGGATCGACT,iNDI
PARK7,PARK7_+_8021784.23-P1P2,GGTACCACTCACCCCACACC,PARK7_-_8021812.23-P1P2,GTGGGGTGAGTGGTACCCAA,iNDI
PFN1,PFN1_+_4851797.23-P1P2,GAGCGGAGCCGCGGTCCGGA,PFN1_+_4851832.23-P1P2,GGCAGGAAGTGGCGGTGCGA,iNDI
PINK1,PINK1_-_20960047.23-P1P2,GggccgcggcgCCACCATGG,PINK1_-_20960044.23-P1P2,GccgggccgcggcgCCACCA,iNDI
PLA2G6,PLA2G6_-_38577794.23-P1P2,GCCCGCGAGGTCACTCACCT,PLA2G6_+_38577789.23-P1P2,GAGAAGTGCTGAGTAAGCCG,iNDI
PLEKHG4,PLEKHG4_-_67313488.23-P1,GGAGGCCGCCGTCTGTTCGA,PLEKHG4_+_67313471.23-P1,GACAGCCTTCGAACAGACGG,iNDI
PLEKHG4,PLEKHG4_-_67312117.23-P2,GTCTGGCTGGGAGTTAGGGA,PLEKHG4_-_67312135.23-P2,GATGGAGCAGGACAACTCCA,iNDI
POLG,POLG_+_89878037.23-P1P2,GGGGTGCAGACGGGAAGTTG,POLG_-_89878016.23-P1P2,GGTAGCGTGTGGCCTCCACC,iNDI
PRKAR1B,PRKAR1B_+_766502.23-P2,GGCGCGCCGCAGGGCCTCCA,PRKAR1B_+_766569.23-P2,GCAGCAGTAGGCGCGCCCAG,iNDI
PRKAR1B,PRKAR1B_-_751919.23-P1,GCCCTCCCGGGACCCCTGAC,PRKAR1B_-_751907.23-P1,GCGCCGGCGAGGACCCTCCC,iNDI
PRKCG,PRKCG_+_54385486.23-P1P2,GCAGCCGGAGGCACGGGCGG,PRKCG_+_54385571.23-P1P2,GAGGCAGGGAGCGGCACCCC,iNDI
PRNP,PRNP_+_4667519.23-P1P2,GGGCCCTCCCGGAGTTCCCT,PRNP_-_4667175.23-P1P2,GGCAGGTAAACGCCCGGGGT,iNDI
PSEN1,PSEN1_-_73603197.23-P1P2,GCCTGGGACAGGCAGCTCCG,PSEN1_-_73603601.23-P1P2,GGTAGCCGTCTGAACTGGAG,iNDI
PSEN2,PSEN2_-_227058341.23-P1P2,GAAACTCCGCTGGAGCGCGG,PSEN2_-_227058350.23-P1P2,GTGGAGCGCGGCGGCAGAGC,iNDI
RAB39B,RAB39B_-_154493714.23-P1P2,GTGGGAGCCCGAAGCTGGGT,RAB39B_-_154493720.23-P1P2,GCCCGAAGCTGGGTAGGCCC,iNDI
RNF216,RNF216_+_5821101.23-P1P2,GGGCGACGCGGCCTCTCTGA,RNF216_+_5821225.23-P1P2,GGCGGCTTCTGAGGAGTAAG,iNDI
SERPINI1,SERPINI1_-_167453551.23-P1P2,GAGCAGGAACGAGAGCGGAG,SERPINI1_-_167453546.23-P1P2,GACGAAAGCAGGAACGAGAG,iNDI
SETX,SETX_+_135230302.23-P1P2,GGCCGACGCCAGCCAGAGAG,SETX_+_135230337.23-P1P2,GCCTAGAGCGGGGCCCGGTA,iNDI
SIGMAR1,SIGMAR1_+_34637739.23-P1P2,GGCCGTGAGCGCAAAGCCTC,SIGMAR1_-_34637726.23-P1P2,GGCCTGGCACGGCGCAGCTC,iNDI
SLC1A3,SLC1A3_+_36606767.23-P1,GAATTCCCCAGCAGGTACAA,SLC1A3_+_36606734.23-P1,GGCAGCGCGCGTAAGCAGGC,iNDI
SLC1A3,SLC1A3_+_36608387.23-P2,GCATGAGTTATAGCCTCCAG,SLC1A3_-_36608368.23-P2,GGCCAAGAGCTTGCCTGGTG,iNDI
SMN1,SMN1_-_70220949.23-ENST00000380707.4,GCTATGGCGATGAGCAGCGG,SMN1_+_70220903.23-ENST00000380707.4,GACCCGCGGGTGCGCAGCGT,iNDI
SNCA,SNCA_+_90758280.23-P1P2,GAGAAGGGGCCCAAGAGAGG,SNCA_+_90758283.23-P1P2,GACCAGAAGGGGCCCAAGAG,iNDI
SNCB,SNCB_+_176057463.23-P1P2,GGCAGGGCGCGAGGAACGAG,SNCB_+_176057479.23-P1P2,GcggagcGCGCGAGCTCGCA,iNDI
SOD1,SOD1_+_33032480.23-P1P2,GAGGCACCACGACAGACCCG,SOD1_+_33032477.23-P1P2,GCACCACGACAGACCCGCGG,iNDI
SORL1,SORL1_+_121323081.23-P1P2,GCAGTGCGACCAGGGTGAAT,SORL1_+_121323076.23-P1P2,GCGACCAGGGTGAATAGGAA,iNDI
SPG11,SPG11_+_44955841.23-P1P2,GAGTAACCGCCGGGCCAAGA,SPG11_-_44955810.23-P1P2,GGTGCCCCAGCTACCGCCGG,iNDI
SPTBN2,SPTBN2_+_66496373.23-P1P2,GAAGGAGGACGCGAGAGCGA,SPTBN2_-_66496651.23-P1P2,GGGTCCAAGGTCCTTAACCA,iNDI
SYNJ1,SYNJ1_+_34100207.23-P1P2,GCTGCTGCGGCCAGACCCAC,SYNJ1_-_34100169.23-P1P2,GGCTCCCGCTGACGCTGCGG,iNDI
TARDBP,TARDBP_-_11072919.23-P1P2,GGGAAGTCAGCCGTGAGACC,TARDBP_+_11072781.23-P1P2,GCACCCGCTAGGCCGCTGCT,iNDI
TBK1,TBK1_-_64845923.23-P1P2,GAGTGTCCTGAGTCTCGAGG,TBK1_-_64845920.23-P1P2,GGGAAGTGTCCTGAGTCTCG,iNDI
TIA1,TIA1_+_70475684.23-P1P2,GTAATTGCCGCCGGAGGAGG,TIA1_-_70475758.23-P1P2,GAAACCCCAATACAAGATGG,iNDI
TMEM106B,TMEM106B_+_12250990.23-P1P2,GGCGGACAGGGCCGAGGACA,TMEM106B_+_12250968.23-P1P2,GTCGTGGAGTCCACAGTCCC,iNDI
TREM2,TREM2_-_41130813.23-P1P2,GGTAAGATGAGCAGCCGGAG,TREM2_-_41130625.23-P1P2,GAGGAGGGTGTGAAGAATAT,iNDI
TUBA4A,TUBA4A_+_220118576.23-P1P2,GGCACCGCCCGGACTCACCA,TUBA4A_-_220118594.23-P1P2,GTCACCATGGTGAGTCCGGG,iNDI
UBQLN2,UBQLN2_-_56590055.23-P1P2,GTGCTGGGAGTGCGCGCGGT,UBQLN2_-_56590067.23-P1P2,GGCGCGGTCGGATCACAAGG,iNDI
VAPB,VAPB_+_56964373.23-P1P2,GCGGGGGTCCTCTACCGGGT,VAPB_+_56964378.23-P1P2,GACGGGCGGGGGTCCTCTAC,iNDI
VCP,VCP_-_35072566.23-P1P2,GCGCGAggtggcagtggcag,VCP_-_35072535.23-P1P2,GGGCGTCGGGCGAACAACGC,iNDI
VPS13C,VPS13C_-_62352597.23-P1P2,GGGCGCTGAGGCACAAGGAG,VPS13C_-_62352629.23-P1P2,GAACCGCCCGGCGCAGCTGA,iNDI
VPS13D,VPS13D_-_12290177.23-P1P2,Gggcggcccgggacaccgac,VPS13D_+_12290170.23-P1P2,Gccgctcggcccctacctgt,iNDI
VPS35,VPS35_+_46723052.23-P1P2,GCTGCTTGCTGCAGGCTCTG,VPS35_+_46723041.23-P1P2,GAGGCTCTGGGGAGTCGCCA,iNDI
